"Name","Company","State","City","Salary","Location","Url"
"Senior Software Engineer (Architect), Android - Developer Platform","","","Bengaluru","","Bengaluru","https://www.glassdoor.com/partner/jobListing.htm?pos=101&ao=101641&s=58&guid=0000017033b5c6609fc2a0626cb430e1&src=GD_JOB_AD&t=SR&extid=1&exst=O&ist=L&ast=OL&vt=w&slr=true&cs=1_5f6f62dd&cb=1581415516112&jobListingId=3466175927"
"Java & Mobile App (Android/iOS) Developer","","","Bengaluru","","Bengaluru","https://www.glassdoor.com/partner/jobListing.htm?pos=102&ao=813081&s=58&guid=0000017033b5c6609fc2a0626cb430e1&src=GD_JOB_AD&t=SR&extid=1&exst=O&ist=L&ast=OL&vt=w&slr=true&cs=1_bab2cf0e&cb=1581415516113&jobListingId=3459228743"
"Senior Python Developer","","","New Delhi","","New Delhi","https://www.glassdoor.com/partner/jobListing.htm?pos=103&ao=177702&s=58&guid=0000017033b5c6609fc2a0626cb430e1&src=GD_JOB_AD&t=SR&extid=1&exst=O&ist=L&ast=OL&vt=w&slr=true&cs=1_f393c7e7&cb=1581415516114&jobListingId=3430594494"
"Software Engineer (Android)","","","Pune","","Pune","https://www.glassdoor.com/partner/jobListing.htm?pos=104&ao=733282&s=58&guid=0000017033b5c6609fc2a0626cb430e1&src=GD_JOB_AD&t=SR&extid=1&exst=O&ist=L&ast=OL&vt=w&slr=true&cs=1_33c34d8c&cb=1581415516115&jobListingId=3394775944"
"Android Developer","","","Gurgaon","","Gurgaon","https://www.glassdoor.com/partner/jobListing.htm?pos=105&ao=784156&s=58&guid=0000017033b5c6609fc2a0626cb430e1&src=GD_JOB_AD&t=SR&extid=1&exst=O&ist=L&ast=OL&vt=w&slr=true&ea=1&cs=1_cd7def51&cb=1581415516116&jobListingId=3413112928"
"Software Engineer II, Android - Developer Platform","","","Bengaluru","","Bengaluru","https://www.glassdoor.com/partner/jobListing.htm?pos=106&ao=101641&s=58&guid=0000017033b5c6609fc2a0626cb430e1&src=GD_JOB_AD&t=SR&extid=1&exst=O&ist=L&ast=OL&vt=w&slr=true&cs=1_91ab70fe&cb=1581415516117&jobListingId=3487070588"
"Software Engineer, Android (India)","","","Bengaluru","","Bengaluru","https://www.glassdoor.com/partner/jobListing.htm?pos=107&ao=732305&s=58&guid=0000017033b5c6609fc2a0626cb430e1&src=GD_JOB_AD&t=SR&extid=1&exst=O&ist=L&ast=OL&vt=w&slr=true&ea=1&cs=1_375a2c80&cb=1581415516118&jobListingId=3449322625"
"Android Developer","","","India","","India","https://www.glassdoor.com/partner/jobListing.htm?pos=108&ao=495095&s=58&guid=0000017033b5c6609fc2a0626cb430e1&src=GD_JOB_AD&t=SR&extid=1&exst=O&ist=L&ast=OL&vt=w&slr=true&cs=1_bef71679&cb=1581415516119&jobListingId=3478666175"
"Android Application Development","","","Pune","","Pune","https://www.glassdoor.com/partner/jobListing.htm?pos=109&ao=583864&s=58&guid=0000017033b5c6609fc2a0626cb430e1&src=GD_JOB_AD&t=SR&extid=1&exst=O&ist=L&ast=OL&vt=w&slr=true&cs=1_0b052cdf&cb=1581415516120&jobListingId=3487799946"
"iOS/Android Developer - Cyber Vulnerability","","","Pune","","Pune","https://www.glassdoor.com/partner/jobListing.htm?pos=110&ao=807233&s=58&guid=0000017033b5c6609fc2a0626cb430e1&src=GD_JOB_AD&t=SR&extid=1&exst=O&ist=L&ast=OL&vt=w&slr=true&cs=1_f763c062&cb=1581415516121&jobListingId=3414247508"
"Android Engineer","","","Bengaluru","","Bengaluru","https://www.glassdoor.com/partner/jobListing.htm?pos=111&ao=839869&s=58&guid=0000017033b5c6609fc2a0626cb430e1&src=GD_JOB_AD&t=SR&extid=1&exst=O&ist=L&ast=OL&vt=w&slr=true&cs=1_9ee04750&cb=1581415516122&jobListingId=3443802243"
"Back In The Game â€“ Android Developer","","","Bengaluru","","Bengaluru","https://www.glassdoor.com/partner/jobListing.htm?pos=112&ao=485386&s=58&guid=0000017033b5c6609fc2a0626cb430e1&src=GD_JOB_AD&t=SR&extid=1&exst=O&ist=L&ast=OL&vt=w&slr=true&cs=1_749d8d94&cb=1581415516123&jobListingId=3400226113"
"Android Developer","","","Bengaluru","","Bengaluru","https://www.glassdoor.com/partner/jobListing.htm?pos=113&ao=14295&s=58&guid=0000017033b5c6609fc2a0626cb430e1&src=GD_JOB_AD&t=SR&extid=1&exst=O&ist=L&ast=OL&vt=w&slr=true&ea=1&cs=1_4a466664&cb=1581415516124&jobListingId=3459172136"
"Software Engineer - Mobile","","","Mumbai","","Mumbai","https://www.glassdoor.com/partner/jobListing.htm?pos=114&ao=577699&s=58&guid=0000017033b5c6609fc2a0626cb430e1&src=GD_JOB_AD&t=SR&extid=1&exst=O&ist=L&ast=OL&vt=w&slr=true&ea=1&cs=1_bc81a862&cb=1581415516125&jobListingId=2922780153"
"Android Developer","","","Bengaluru","","Bengaluru","https://www.glassdoor.com/partner/jobListing.htm?pos=115&ao=14295&s=58&guid=0000017033b5c6609fc2a0626cb430e1&src=GD_JOB_AD&t=SR&extid=1&exst=O&ist=L&ast=OL&vt=w&slr=true&ea=1&cs=1_8e94946b&cb=1581415516126&jobListingId=3485477967"
"Android Developer","","","Pune","","Pune","https://www.glassdoor.com/partner/jobListing.htm?pos=116&ao=389273&s=58&guid=0000017033b5c6609fc2a0626cb430e1&src=GD_JOB_AD&t=SR&extid=1&exst=O&ist=L&ast=OL&vt=w&slr=true&cs=1_96d2aa9f&cb=1581415516127&jobListingId=3481982144"
"Android Developer","","","Pune","","Pune","https://www.glassdoor.com/partner/jobListing.htm?pos=117&ao=433326&s=58&guid=0000017033b5c6609fc2a0626cb430e1&src=GD_JOB_AD&t=SR&extid=1&exst=O&ist=L&ast=OL&vt=w&slr=true&cs=1_7e4a36b2&cb=1581415516128&jobListingId=3482712803"
"Android Developer","","","Bengaluru","","Bengaluru","https://www.glassdoor.com/partner/jobListing.htm?pos=118&ao=4134&s=58&guid=0000017033b5c6609fc2a0626cb430e1&src=GD_JOB_AD&t=SR&extid=1&exst=O&ist=L&ast=OL&vt=w&slr=true&cs=1_d1fb05a1&cb=1581415516128&jobListingId=3413953286"
"Android Developer","","","Gurgaon","","Gurgaon","https://www.glassdoor.com/partner/jobListing.htm?pos=119&ao=14295&s=58&guid=0000017033b5c6609fc2a0626cb430e1&src=GD_JOB_AD&t=SR&extid=1&exst=O&ist=L&ast=OL&vt=w&slr=true&ea=1&cs=1_88744314&cb=1581415516129&jobListingId=3177263628"
"Android Developer","","","Pune","","Pune","https://www.glassdoor.com/partner/jobListing.htm?pos=120&ao=437149&s=58&guid=0000017033b5c6609fc2a0626cb430e1&src=GD_JOB_AD&t=SR&extid=1&exst=O&ist=L&ast=OL&vt=w&slr=true&ea=1&cs=1_1d1768a5&cb=1581415516130&jobListingId=3370486950"
"Android Developer","","","Bengaluru","","Bengaluru","https://www.glassdoor.com/partner/jobListing.htm?pos=121&ao=827496&s=58&guid=0000017033b5c6609fc2a0626cb430e1&src=GD_JOB_AD&t=SR&extid=1&exst=O&ist=L&ast=OL&vt=w&slr=true&cs=1_c5147a5b&cb=1581415516131&jobListingId=3420852946"
"Android Developer","","","Pune","","Pune","https://www.glassdoor.com/partner/jobListing.htm?pos=122&ao=389273&s=58&guid=0000017033b5c6609fc2a0626cb430e1&src=GD_JOB_AD&t=SR&extid=1&exst=O&ist=L&ast=OL&vt=w&slr=true&cs=1_f2116aab&cb=1581415516132&jobListingId=3485331069"
"Android Developer","","","Pune","","Pune","https://www.glassdoor.com/partner/jobListing.htm?pos=123&ao=389273&s=58&guid=0000017033b5c6609fc2a0626cb430e1&src=GD_JOB_AD&t=SR&extid=1&exst=O&ist=L&ast=OL&vt=w&slr=true&cs=1_3f64c6a2&cb=1581415516133&jobListingId=3474991660"
"Android Developer","","","Pune","","Pune","https://www.glassdoor.com/partner/jobListing.htm?pos=124&ao=4120&s=58&guid=0000017033b5c6609fc2a0626cb430e1&src=GD_JOB_AD&t=SR&extid=1&exst=O&ist=L&ast=OL&vt=w&slr=true&cs=1_84a00c42&cb=1581415516134&jobListingId=3427579740"
"Android Developer","","","New Delhi","","New Delhi","https://www.glassdoor.com/partner/jobListing.htm?pos=125&ao=7438&s=58&guid=0000017033b5c6609fc2a0626cb430e1&src=GD_JOB_AD&t=SR&extid=1&exst=O&ist=L&ast=OL&vt=w&slr=true&ea=1&cs=1_58f11023&cb=1581415516135&jobListingId=2937102598"
"Android Developer","","","Pune","","Pune","https://www.glassdoor.com/partner/jobListing.htm?pos=126&ao=4341&s=58&guid=0000017033b5c6609fc2a0626cb430e1&src=GD_JOB_AD&t=SR&extid=1&exst=O&ist=L&ast=OL&vt=w&slr=true&ea=1&cs=1_196a25e9&cb=1581415516136&jobListingId=3441708172"
"Android Developer","","","Pune","","Pune","https://www.glassdoor.com/partner/jobListing.htm?pos=127&ao=148364&s=58&guid=0000017033b5c6609fc2a0626cb430e1&src=GD_JOB_AD&t=SR&extid=1&exst=O&ist=L&ast=OL&vt=w&slr=true&cs=1_9f29849c&cb=1581415516137&jobListingId=3418998831"
"Software Engineer, Mobile (Android)","","","Bengaluru","","Bengaluru","https://www.glassdoor.com/partner/jobListing.htm?pos=128&ao=890509&s=58&guid=0000017033b5c6609fc2a0626cb430e1&src=GD_JOB_AD&t=SR&extid=1&exst=O&ist=L&ast=OL&vt=w&slr=true&cs=1_6dab8428&cb=1581415516137&jobListingId=3416023497"
"Android Developer","","","Pune","","Pune","https://www.glassdoor.com/partner/jobListing.htm?pos=129&ao=437149&s=58&guid=0000017033b5c6609fc2a0626cb430e1&src=GD_JOB_AD&t=SR&extid=1&exst=O&ist=L&ast=OL&vt=w&slr=true&ea=1&cs=1_18892ad3&cb=1581415516138&jobListingId=3361620192"
"Android Developer","","","Pune","","Pune","https://www.glassdoor.com/partner/jobListing.htm?pos=130&ao=437149&s=58&guid=0000017033b5c6609fc2a0626cb430e1&src=GD_JOB_AD&t=SR&extid=1&exst=O&ist=L&ast=OL&vt=w&slr=true&cs=1_d600ff7a&cb=1581415516139&jobListingId=3437302101"
